{
  "project_info": {
    "project_number": "947761605882",
    "firebase_url": "https://qrroject.firebaseio.com",
    "project_id": "qrroject",
    "storage_bucket": "qrroject.appspot.com"
  },
  "client": [
    {
      "client_info": {
        "mobilesdk_app_id": "1:947761605882:android:134d0a4b54445eb3e7ed43",
        "android_client_info": {
          "package_name": "com.leonel.qrroject"
        }
      },
      "oauth_client": [
        {
          "client_id": "947761605882-uu96qke7ob3uhr66jre9iemsnjj9qqsh.apps.googleusercontent.com",
          "client_type": 3
        }
      ],
      "api_key": [
        {
          "current_key": "AIzaSyBVOQQ8Gf9-s-QkWJpJYZBd7K1JdgwWmLM"
        }
      ],
      "services": {
        "appinvite_service": {
          "other_platform_oauth_client": [
            {
              "client_id": "947761605882-uu96qke7ob3uhr66jre9iemsnjj9qqsh.apps.googleusercontent.com",
              "client_type": 3
            }
          ]
        }
      }
    }
  ],
  "configuration_version": "1"
}